Fold,Threshold,Accuracy,Precision,Recall,F1-Score,AUC Score,Illicit Recall,Confusion Matrix
1,0.00502950768388121,0.46982248520710057,0.9407582938388626,0.4841463414634146,0.6392914653784219,0.010780487804878058,0.4841463414634146,"[[0, 25], [423, 397]]"
2,0.004728739216249515,0.4707259953161593,0.9391100702576113,0.4848851269649335,0.6395534290271132,0.03735053069998662,0.4848851269649335,"[[1, 26], [426, 401]]"
3,0.006376426635110935,0.46941176470588236,0.9388235294117647,0.4842233009708738,0.6389111289031225,0.01759708737864077,0.4842233009708738,"[[0, 26], [425, 399]]"
4,0.004652074561607639,0.46291866028708134,0.9234449760765551,0.4806973848069738,0.6322686322686323,0.022491414770368673,0.4806973848069738,"[[1, 32], [417, 386]]"
5,0.004545079495454273,0.4662721893491124,0.933649289099526,0.48225214198286415,0.6359967715899919,0.013638748032872874,0.48225214198286415,"[[0, 28], [423, 394]]"
