Fold,Accuracy,Precision,Recall,F1-Score,AUC Score,Illicit Recall,Confusion Matrix
1,0.9567307692307693,0.625,1.0,0.7692307692307693,0.9999999999999999,1.0,"[[184, 9], [0, 15]]"
2,0.9615384615384616,0.6666666666666666,1.0,0.8,0.9996744791666667,1.0,"[[184, 8], [0, 16]]"
3,0.9665071770334929,0.7368421052631579,0.875,0.8,0.9324805699481865,0.875,"[[188, 5], [2, 14]]"
4,0.9330143540669856,0.48148148148148145,1.0,0.65,0.9913657770800628,1.0,"[[182, 14], [0, 13]]"
5,0.9617224880382775,0.6666666666666666,1.0,0.8,1.0,1.0,"[[185, 8], [0, 16]]"
